BMI_cluster,min,max,count
0,20.703125,30.9542707710965,122
1,38.4083045,44.98269896,10
2,31.0963695756299,34.0490306,92
3,34.1412917452927,37.29068808,36
